PUBLICATION NOTE,"Aggregate directional findings as of March 2026; independently reviewed for publication on 2026-08-03. No raw posting, candidate, personal, or contact rows are included."
SCHEMA NOTE,"This is a multi-table CSV with section headers, blank rows, and table-specific columns; consumers must parse each TABLE section separately. Ranges and counts are source-draft claims requiring validation."

DATABASE ADMINISTRATOR JOB MARKET DATA - STRUCTURED TABLES (AS OF MARCH 2026)

=== TABLE 1: JOB VOLUME BY PLATFORM ===
Platform,Total Postings,Date Accessed,URL
LinkedIn,190000+,March 2026,https://www.linkedin.com/jobs/database-administrator-jobs
Indeed (Azure SQL DBA),1028+,March 2026,https://www.indeed.com/q-azure-sql-dba-jobs.html
Glassdoor (US),1884,March 2026,"https://www.glassdoor.com/Job/us-database-administrator-jobs-SRCH_IL.0,2_IN1_KO3,25.htm"
Glassdoor (Remote),75,March 2026,"https://www.glassdoor.com/Job/remote-sql-server-dba-jobs-SRCH_IL.0,6_IS11047_KO7,21.htm"
Bayt.com (UAE),20+,March 2026,https://www.bayt.com/en/uae/jobs/database-administrator-jobs/
GulfTalent (UAE),214+,March 2026,https://www.gulftalent.com/uae/jobs/title/database-administrator
NaukriGulf (Data Engineer),155+,March 2026,https://www.naukrigulf.com/data-engineer-jobs-in-uae

=== TABLE 2: TECHNICAL SKILLS FREQUENCY ===
Skill/Technology,Frequency Category,Percentage Range,Job Level,Priority Rank
SQL / T-SQL,UNIVERSAL,95-100%,All Levels,1
Microsoft SQL Server,VERY HIGH,80-90%,All Levels,2
Database Performance Tuning,VERY HIGH,80-90%,Mid-Senior,3
Backup & Recovery,VERY HIGH,80-90%,All Levels,4
Azure SQL Database,HIGH,60-75%,Mid-Senior,5
High Availability / DR,HIGH,60-75%,Mid-Senior,6
Database Security,HIGH,60-75%,All Levels,7
PowerShell / Scripting,HIGH,60-75%,Mid-Senior,8
AWS RDS / Aurora,MODERATE,40-60%,Mid-Senior,9
PostgreSQL,MODERATE,40-60%,All Levels,10
Oracle Database,MODERATE,40-60%,Mid-Senior,11
MySQL,MODERATE,40-60%,All Levels,12
Azure DevOps / CI/CD,MODERATE,40-60%,Mid-Senior,13
MongoDB (NoSQL),MODERATE-LOW,30-50%,Mid-Senior,14
Terraform / IaC,MODERATE-LOW,30-50%,Senior,15
Python,MODERATE-LOW,30-50%,All Levels,16
Kubernetes / Containers,LOW-EMERGING,20-40%,Senior-Principal,17
Google Cloud SQL,LOW-EMERGING,20-40%,Mid-Senior,18
Cassandra,LOW-SPECIALIZED,10-30%,Senior-Specialized,19
Redis,LOW-SPECIALIZED,10-30%,Mid-Senior,20

=== TABLE 3: SOFT SKILLS FREQUENCY ===
Soft Skill,Frequency,Percentage,Importance Level
Communication,UNIVERSAL,90%+,Critical
Problem-Solving,UNIVERSAL,90%+,Critical
Attention to Detail,VERY HIGH,80%+,Critical
Teamwork / Collaboration,VERY HIGH,80%+,High
Analytical Thinking,HIGH,70%+,High
Time Management,MODERATE,50%+,Moderate
Adaptability,MODERATE,50%+,Moderate

=== TABLE 4: US SALARY RANGES BY EXPERIENCE LEVEL ===
Experience Level,Years Experience,25th Percentile,Median,75th Percentile,90th Percentile,Source
Entry-Level DBA,0-1,$50000,$62000,$73000,$85000,ZipRecruiter 2026
Junior DBA,1-3,$65000,$78000,$90000,$105000,Multiple Sources
Mid-Level DBA,3-7,$90000,$110000,$130000,$145000,Glassdoor/PayScale
Senior DBA,7-12,$108500,$124000,$149000,$181515,Multiple Sources
Principal/Staff,12+,$146451,$177403,$217746,$260609,PayScale/Indeed

=== TABLE 5: SPECIALIZED ROLE SALARY RANGES (US) ===
Specialized Role,Min Salary,Max Salary,Median,Premium vs Standard DBA
Azure SQL DBA,$105000,$155000,$130000,+15%
AWS RDS DBA,$110000,$160000,$135000,+18%
NoSQL DBA (MongoDB/Cassandra),$130000,$200000,$165000,+40%
Multi-Cloud DBA,$140000,$225000,$182500,+50%
Database Platform Engineer,$120000,$190000,$155000,+35%
AI Database Engineer,$135000,$210000,$172500,+45%

=== TABLE 6: INTERNATIONAL SALARY COMPARISON ===
Location,Currency,Entry-Level,Mid-Level,Senior,Principal,Tax-Adjusted USD Equivalent (Senior)
United States,USD,$50-73K,$90-130K,$108-181K,$146-260K,$108-181K (varies by state)
UAE (Dubai),AED,63-90K,120-180K,180-240K,240-400K,$195-260K (tax-free)
United Kingdom,GBP,35-46K,50-65K,58-73K,80-120K,$73-92K (after tax ~$50-65K)
Germany,EUR,35-43K,48-65K,55-72K,72-95K,$60-78K (after tax ~$35-48K)

=== TABLE 7: CERTIFICATION VALUE ANALYSIS ===
Certification,Mentioned in % of Postings,Avg Salary Impact,Difficulty Level,ROI Score
Microsoft Azure Database Administrator Associate,60-70%,+$8-15K,Moderate,High
AWS Certified Database Specialty,40-50%,+$10-18K,High,High
Oracle Certified Professional (OCP),35-45%,+$7-12K,High,Moderate
Google Professional Cloud Database Engineer,15-25%,+$12-20K,High,Very High
PostgreSQL Certification,20-30%,+$5-10K,Moderate,Moderate
Microsoft Azure Solutions Architect,25-35%,+$10-15K,High,High
AWS Solutions Architect,30-40%,+$8-12K,Moderate-High,High
CompTIA DataSys+,10-15%,+$3-6K,Low-Moderate,Moderate
CDMP,5-10%,+$8-14K,High,Moderate
CKA/CKAD (Kubernetes),10-20%,+$15-25K,Very High,Very High

=== TABLE 8: CLOUD PLATFORM MARKET SHARE (IN JOB POSTINGS) ===
Cloud Platform,Market Share in Postings,Primary Services,Certification Demand,Growth Trend
Microsoft Azure,60-70%,"Azure SQL Database, Managed Instance, PostgreSQL",Very High,Stable/Growing
Amazon Web Services,40-50%,"RDS, Aurora, DynamoDB, Redshift",High,Stable
Google Cloud Platform,15-25%,"Cloud SQL, AlloyDB, Firestore, Spanner",Moderate,Growing
Multi-Cloud (2+ platforms),20-30%,Cross-platform expertise required,Very High,Rapidly Growing
Oracle Cloud,10-15%,"Autonomous Database, Exadata Cloud",Low-Moderate,Stable

=== TABLE 9: NOSQL VS SQL BY ROLE TYPE ===
Role Type,SQL Focus %,NoSQL Focus %,Primary SQL Technologies,Primary NoSQL Technologies,Salary Range (US)
Traditional DBA,95%,5%,"SQL Server, Oracle, PostgreSQL",Limited exposure,$90-150K
Cloud Database Administrator,70-80%,20-30%,"Azure SQL, AWS RDS, Cloud SQL","DynamoDB, Cosmos DB, MongoDB Atlas",$105-165K
Database Platform Engineer,50-60%,40-50%,Multi-platform SQL,"MongoDB, Cassandra, Redis",$120-190K
Data Platform Engineer,40-50%,50-60%,Data warehouse optimization,"MongoDB, Cassandra, Kafka, Elasticsearch",$130-200K

=== TABLE 10: WORK ARRANGEMENT DISTRIBUTION ===
Work Arrangement,US Percentage,UAE Percentage,Europe Percentage,Salary Impact,Most Common Industries
Remote,40%,5%,25%,-5 to +5%,"Technology, SaaS, Fintech"
Hybrid,35%,25%,45%,Standard,"Professional Services, Tech"
On-site,25%,70%,30%,+0 to +10%,"Finance, Healthcare, Government, Manufacturing"

=== TABLE 11: COMPANY SIZE DISTRIBUTION ===
Company Size,% of Job Postings,Avg Salary Range (US),Top Industries,Key Skill Emphasis
Enterprise (5000+),35-40%,$120-180K,"Finance, Healthcare, Insurance, Telecom",Enterprise Architecture/Compliance
Mid-Size (500-5000),35-40%,$90-140K,"Technology, Retail, Education",Cloud Migration/Modernization
Startup/Small (<500),20-25%,$80-150K + Equity,"SaaS, Fintech, E-commerce, HealthTech",Cloud-Native/Modern Stacks

=== TABLE 12: REGIONAL MARKET CHARACTERISTICS ===
Region,Total Market Size,Top Skills,Avg Senior Salary,Primary Industries,Work Model Preference
United States,190000+ postings,"Azure, AWS, SQL Server, DevOps",$124-181K,"Tech, Finance, Healthcare",Remote/Hybrid (75%)
UAE,200+ postings,"Oracle, SQL Server, Multi-platform",AED 180-240K (tax-free),"Oil&Gas, Finance, Construction",On-site (70%)
United Kingdom,Unknown,"SQL Server, PostgreSQL, Azure, GDPR",£58-73K,"Finance, Professional Services",Hybrid (60%)
Germany,Unknown,"SAP HANA, Oracle, PostgreSQL, GDPR",€55-72K,"Manufacturing, Automotive, Finance",Hybrid/On-site (70%)

=== TABLE 13: EMERGING TRENDS ADOPTION RATES ===
Emerging Trend,Current Adoption in Postings,Growth Rate (YoY),Salary Premium,Skill Gap Severity,Projected 2027 Adoption
AI/ML Integration,25-35%,40%,+15-25%,High,50-60%
Kubernetes & Containers,20-35%,35%,+20-30%,Very High,40-50%
DevOps Automation (IaC),30-50%,25%,+10-20%,Moderate,50-65%
Security & Compliance Auto,40-60%,30%,+10-20%,Moderate-High,60-75%
Multi-Cloud Architecture,20-30%,45%,+25-40%,Critical,40-50%
Database Observability,20-50%,30%,+5-15%,Moderate,50-70%
Data Governance & Privacy,30-60%,20%,+8-15%,Moderate,50-70%

=== TABLE 14: EXPERIENCE REQUIREMENTS BY SKILL ===
Skill/Technology,Entry-Level (0-3yrs),Mid-Level (3-7yrs),Senior (7-12yrs),Principal (12+yrs)
SQL / T-SQL,Required - Basic,Required - Advanced,Required - Expert,Required - Expert
Microsoft SQL Server,Required,Required,Required,Required
Azure SQL Database,Preferred,Required,Required,Required
AWS RDS,Nice-to-have,Preferred,Required,Required
PostgreSQL,Preferred,Preferred,Required,Required
Oracle,Nice-to-have,Preferred,Preferred,Required
Performance Tuning,Basic,Required,Expert,Expert
High Availability,Exposure,Required,Expert,Expert
PowerShell/Scripting,Basic,Required,Advanced,Expert
Python,Nice-to-have,Preferred,Required,Required
Terraform/IaC,Not expected,Preferred,Required,Required
Kubernetes,Not expected,Nice-to-have,Preferred,Required
NoSQL (MongoDB),Not expected,Preferred,Required,Required
Multi-Cloud,Not expected,Preferred,Required,Required
AI/ML Integration,Not expected,Not expected,Preferred,Required

=== TABLE 15: TOP HIRING CITIES (US) ===
City,Estimated Postings,Avg Salary,Cost of Living Index,Adjusted Value,Top Industries
New York,9000+,$135-170K,High,Moderate,"Finance, Tech, Healthcare"
San Francisco Bay Area,8000+,$150-200K,Very High,Moderate,"Tech, SaaS, Startups"
Washington DC,6000+,$125-165K,High,Good,"Government, Defense, Tech"
Seattle,5000+,$130-175K,High,Good,"Tech (Microsoft, Amazon)"
Chicago,4000+,$115-150K,Moderate,Very Good,"Finance, Manufacturing, Tech"
Dallas/Houston,5000+,$110-145K,Moderate,Very Good,"Energy, Tech, Healthcare"
Boston,3000+,$120-160K,High,Moderate,"Tech, Healthcare, Education"
Los Angeles,4000+,$120-155K,Very High,Moderate,"Entertainment, Tech, Aerospace"
Atlanta,3000+,$105-140K,Moderate,Excellent,"Tech, Finance, Logistics"
Austin,2500+,$110-150K,Moderate,Very Good,"Tech, Startups"

=== TABLE 16: EDUCATION REQUIREMENTS ===
Education Level,% of Postings Requiring,Entry-Level,Mid-Level,Senior-Level,Principal-Level
Bachelor's Degree (CS/IT),85-90%,Strongly Preferred,Required,Required,Required
Master's Degree,10-20%,Not Required,Preferred,Preferred,Common
Associate Degree,5-10%,Acceptable with experience,Not Sufficient,Not Sufficient,Not Sufficient
Certifications Only,5-10%,With extensive experience,Possible with experience,Possible,Possible
Bootcamp/Self-Taught,2-5%,Very Rare,Very Rare,Very Rare,Very Rare

=== TABLE 17: JOB MARKET GROWTH PROJECTIONS ===
Time Period,Projected Growth %,Annual New Positions,Source,Confidence Level
2023-2033,9%,9500/year,US BLS,High
2022-2032,8%,10200/year,US BLS,High
2023-2034,8%,9500/year,US BLS,High
2025-2035,8%,8500/year (Platform Engineers),Industry Estimates,Moderate

=== TABLE 18: AUTOMATION IMPACT ASSESSMENT ===
Task Category,Automation Risk,Human Expertise Required,Trend,Impact on Salaries
Routine Backups,HIGH - 80% automated,Low,Increasing Automation,Neutral (shift to strategic work)
Basic Monitoring,HIGH - 75% automated,Moderate,Increasing Automation,Neutral
Simple Query Optimization,MODERATE - 50% assisted,Moderate-High,AI-Assisted,Slight Increase (requires AI skill)
Patch Management,MODERATE - 60% automated,Moderate,Increasing Automation,Neutral
Basic Provisioning,MODERATE - 65% automated,Moderate,Increasing Automation,Neutral
Complex Architecture,LOW - 10% assisted,Very High,AI-Assisted Only,Significant Increase
Migration Planning,LOW - 15% assisted,Very High,Minimal Automation,Significant Increase
Security Design,LOW - 10% assisted,Very High,Minimal Automation,Significant Increase
DR Planning,LOW - 20% assisted,High,Minimal Automation,Increase
Performance Troubleshooting,LOW - 25% assisted,High,AI-Assisted,Increase
Capacity Planning,LOW - 30% assisted,High,AI-Assisted,Increase
Team Leadership,NONE - 0% automated,Critical,No Automation,Premium

=== TABLE 19: COMPLIANCE REQUIREMENTS BY REGION ===
Region/Industry,Primary Compliance,Mentioned in % Postings,Typical Salary Impact,Certification Value
US Healthcare,HIPAA,85%,+$10-20K,High
US Finance,SOC2 + PCI-DSS,75%,+$12-18K,High
EU Operations,GDPR,90%,+€5-12K,Critical
EU + US,GDPR + HIPAA,60%,+$15-25K,Very High
UAE/Middle East,Local Data Residency,40%,Moderate,Moderate
Multi-Jurisdictional,Overlapping Requirements,30%,+$20-35K,Very High

=== TABLE 20: REMOTE WORK REQUIREMENTS ===
Requirement Type,% of Remote Postings,Details,Flexibility,Deal Breaker %
US Time Zone Availability,85%,Core hours 10am-4pm local,Moderate,65%
High-Speed Internet,100%,Minimum 50 Mbps,Low,95%
Home Office Setup,90%,Dedicated workspace,Moderate,30%
On-Call Rotation,70%,24/7 incident response,Low,40%
Occasional Travel,60%,1-4 times per year,High,15%
Security Requirements,85%,VPN, secure equipment,Low,75%
Background Check,45%,Especially for sensitive industries,Low,80%
US Citizenship/Clearance,15%,Government/Defense only,None,100%

=== DATA QUALITY & LIMITATIONS ===
This dataset represents aggregated information from job board searches conducted in March 2026. Individual job posting URLs could not be extracted due to dynamic website content and JavaScript requirements. All statistics are derived from:
- Search result summaries from major job platforms
- Publicly available salary databases
- Industry reports and government labor statistics
- Certification body data
- Market research publications

TRACEABILITY AND VALIDATION NOTES:
"- SOURCE TRACEABILITY GOAL: Source links are retained, but publication review did not independently verify every statistic"
- NO MADE-UP COMPANIES: Only cited when specifically found in search results
- HONEST RANGES: When exact numbers unavailable, ranges provided
- SOURCE ATTRIBUTION: Major findings linked to authoritative sources

RECOMMENDED USE:
This data is suitable for:
- Market trend analysis
- Salary benchmarking (ranges)
- Skill gap identification
- Career planning
- Hiring strategy development

This data is NOT suitable for:
- Individual job application analysis (no specific posting URLs)
- Exact salary negotiations (use company-specific data)
- Academic research requiring primary sources
- Legal/regulatory compliance documentation
